Actual_Rating,Predicted_Rating
5.3,6.614
7.1,7.084500000000002
5.4,5.923499999999997
7.0,6.969000000000003
6.5,6.745500000000002
6.5,6.342
6.7,6.845500000000005
7.1,7.301499999999992
7.8,7.492000000000002
8.1,8.035999999999996
6.2,6.302499999999998
8.1,8.009999999999994
7.5,7.769000000000005
6.2,6.5350000000000055
7.3,6.765000000000002
5.5,5.440000000000001
7.3,7.225999999999999
6.9,6.837999999999999
7.3,7.277000000000004
7.3,7.1889999999999965
7.9,6.749999999999996
7.5,7.8824999999999905
6.8,6.913
5.4,5.988500000000004
6.1,6.293499999999992
8.0,7.606000000000011
7.0,7.665500000000004
5.9,6.158500000000003
6.8,6.4775
5.6,5.605499999999999
7.7,7.2575
7.1,6.416999999999998
6.4,6.133000000000002
8.3,8.05199999999998
6.0,5.8494999999999955
8.1,7.883999999999995
6.1,5.932500000000001
7.6,7.677499999999989
5.6,6.675500000000005
7.5,7.268500000000008
7.0,7.341499999999997
8.6,7.106499999999998
6.8,7.296499999999996
7.4,6.821000000000003
8.1,7.895999999999997
7.7,7.785999999999991
6.1,7.649999999999991
6.4,6.692499999999999
5.6,5.818499999999998
5.5,6.679500000000005
6.0,6.211999999999996
5.8,6.074500000000001
8.0,7.977999999999993
7.6,7.983499999999989
6.5,6.354500000000007
6.3,5.995500000000001
6.9,6.760000000000007
7.5,7.340500000000002
7.1,7.628499999999986
6.9,6.570000000000002
5.7,5.863000000000002
9.0,8.555999999999992
6.3,5.943500000000003
6.7,6.365000000000005
5.1,6.723500000000005
6.5,6.349
7.7,7.347
6.9,6.729999999999997
5.9,6.763
7.1,7.105000000000001
6.3,6.2114999999999965
5.3,6.008499999999999
7.8,7.453000000000003
6.6,6.0465
5.7,6.42700000000001
6.1,5.657499999999999
6.8,6.702500000000006
7.1,6.611000000000003
7.2,7.422999999999989
5.5,6.465000000000003
7.2,7.121999999999999
7.4,7.1975000000000025
7.0,7.255
8.1,8.045499999999983
6.2,6.386000000000009
6.8,6.156999999999999
5.6,5.356000000000002
5.8,6.4180000000000055
6.3,5.953499999999999
7.4,6.143499999999994
6.6,6.741499999999993
7.0,6.6459999999999955
4.7,5.841000000000008
6.1,6.270999999999999
4.6,5.553500000000002
7.1,6.2165000000000035
5.7,6.142999999999996
7.8,7.776500000000002
4.1,6.661999999999999
4.6,6.032499999999992
6.6,6.1605
6.6,6.852000000000004
4.4,5.9045000000000005
5.8,6.378499999999994
7.0,7.617499999999987
5.5,6.2795
7.1,5.817000000000008
7.8,6.981500000000006
7.3,6.641499999999995
6.7,5.455000000000007
6.4,7.060999999999999
7.0,6.7045000000000075
5.6,5.745000000000001
5.4,5.352
6.4,6.314499999999999
7.0,7.249500000000001
8.0,7.167999999999998
7.0,6.048499999999994
7.2,6.712000000000009
7.1,7.4925000000000095
7.1,7.004999999999998
7.8,7.837000000000002
8.2,7.298499999999994
7.8,7.919500000000002
3.9,5.558000000000004
6.6,6.9635000000000025
5.7,6.198500000000001
6.6,7.182999999999997
6.9,6.669000000000006
4.3,5.384499999999995
7.3,6.815000000000005
7.5,6.717500000000008
4.9,6.355499999999999
6.2,6.1405
6.7,7.0845
7.3,7.397999999999996
6.7,6.778500000000003
5.5,5.849000000000001
6.8,4.945499999999999
7.5,6.979500000000002
6.3,5.985500000000001
7.4,6.964499999999996
7.1,7.280499999999992
7.6,7.334499999999997
5.5,6.5764999999999985
6.7,6.682500000000002
6.7,6.304499999999999
5.9,6.330999999999993
5.8,5.872499999999999
6.4,6.5124999999999975
7.5,6.6860000000000035
7.5,7.513000000000003
5.0,5.3905
6.0,6.549999999999998
4.9,6.542000000000001
6.6,6.659999999999999
6.1,6.297000000000001
7.3,6.807999999999996
6.7,6.652499999999998
6.1,6.212500000000005
7.2,7.241999999999998
6.2,7.2285000000000075
5.6,6.20799999999999
7.4,7.690999999999992
6.5,6.496000000000004
6.5,6.488499999999995
7.1,7.055500000000002
7.1,7.284500000000004
7.5,7.538999999999996
7.7,6.789
5.7,5.785500000000008
6.7,6.986500000000001
6.3,5.682499999999997
7.5,6.761000000000008
6.7,7.129999999999993
7.7,7.6435
7.5,7.197000000000006
7.1,6.673500000000003
6.2,6.577499999999998
7.2,6.525500000000001
6.3,7.381499999999988
6.1,6.300000000000001
7.6,7.358999999999997
6.6,7.054999999999999
7.3,7.691999999999988
7.3,7.061500000000008
5.5,5.964999999999995
8.0,7.959999999999995
5.8,6.133499999999999
5.9,6.167999999999996
4.9,5.66
1.9,5.284499999999996
7.9,7.865499999999994
6.3,6.537500000000006
5.8,6.190500000000001
6.6,7.188000000000001
8.0,7.849000000000001
6.8,7.392999999999997
7.5,7.489499999999992
7.3,7.151999999999999
